username,name,sex,address,mail,birthdate
tammy88,Renee Everett,F,"3406 Natasha Gardens Suite 689
Glennfort, DE 56857",sullivanrichard@yahoo.com,1986-10-13
bstafford,Timothy Sullivan,M,"USCGC Scott
FPO AA 19431",allentaylor@yahoo.com,1964-06-12
marissacoleman,Denise Chang,F,"574 Burton Flats Apt. 105
Port Chase, SC 84882",robertsonmaureen@yahoo.com,1906-11-23
eric45,Amanda Torres,F,"4769 Rodriguez Crossing Apt. 000
Codyfurt, NM 68601",woodsjulie@hotmail.com,2009-02-28
melissa77,Suzanne Holloway,F,"222 Cook Haven Apt. 138
Serranoberg, MI 70639",deborah99@yahoo.com,1960-02-02
fgordon,Natalie Eaton,F,"70285 Mitchell Fall
Port Kevin, ME 75042",zlopez@yahoo.com,1956-12-27
bcollins,Virginia Andrews,F,"0558 Wyatt Key
Smithside, MO 81580",christianwiley@yahoo.com,2009-09-13
elizabethmartinez,Matthew Meyer,M,"PSC 7848, Box 5394
APO AE 36598",aadams@hotmail.com,1975-11-07
juarezmary,Elizabeth Bean,F,"74577 Miller Port Apt. 923
Estradaberg, DC 41618",donalddyer@yahoo.com,1926-08-23
laurenmata,Gregory Butler,M,"USCGC Perez
FPO AA 84672",lance06@hotmail.com,1924-11-27
brownmichael,Lindsey Dawson,F,"8488 Williams Cliff
Tiffanyville, WV 10387",josephwilliams@gmail.com,2007-03-14
twoodward,Mary Brown DDS,F,"5911 Mariah Oval
Lake Scotttown, NC 43160",john62@yahoo.com,1982-05-11
montgomeryjustin,Jeanette Carrillo,F,"3457 Burton Lodge
Yvonneshire, AR 95401",lclayton@gmail.com,1960-07-15
